case_id,category,source_folder,correct_answer,filename,duration_sec,size_mb,width,height,fps,codec
case_2000,Normal,Normal,A,case_2000.mp4,712.6,49.16,640,360,10.0,h264
case_2021,Normal,Normal,A,case_2021.mp4,395.9,21.17,640,360,10.0,h264
case_2040,Normal,Normal,A,case_2040.mp4,305.6,19.19,640,360,10.0,h264
case_2074,Normal,Normal,A,case_2074.mp4,551.2,30.89,640,360,10.0,h264
case_2109,Normal,Normal,A,case_2109.mp4,778.9,37.28,640,360,10.0,h264
case_2180,Normal,Normal,A,case_2180.mp4,405.6,20.19,640,360,10.0,h264
case_2181,Normal,Normal,A,case_2181.mp4,454.8,23.55,640,360,10.0,h264
case_2186,Normal,Normal,A,case_2186.mp4,278.1,15.04,640,360,10.0,h264
case_2190,Normal,Normal,A,case_2190.mp4,275.4,16.35,640,360,10.0,h264
case_2199,Normal,Normal,A,case_2199.mp4,657.8,38.25,640,360,10.0,h264
case_3201,Pupil Contraction,Pupil_Contraction,C,case_3201.mp4,435.3,19.71,512,384,10.0,h264
case_3459,Lens Irregularity,Lens_irregularity,B,case_3459.mp4,233.4,14.37,512,384,10.0,h264
case_3884,Lens Irregularity,Lens_irregularity,B,case_3884.mp4,204.6,8.28,512,384,10.0,h264
case_5419,Lens Irregularity,Lens_irregularity,B,case_5419.mp4,273.3,17.88,512,384,10.0,h264
case_5693,Lens Irregularity,Lens_irregularity,B,case_5693.mp4,526.7,31.73,512,384,10.0,h264
case_709,Pupil Contraction,Pupil_Contraction,C,case_709.mp4,467.4,9.72,360,270,10.0,h264
case_712,Pupil Contraction,Pupil_Contraction,C,case_712.mp4,762.6,12.74,360,270,10.0,h264
case_713,Pupil Contraction,Pupil_Contraction,C,case_713.mp4,459.4,10.73,360,270,10.0,h264
case_714,Pupil Contraction,Pupil_Contraction,C,case_714.mp4,285.3,6.9,360,270,10.0,h264
case_716,Pupil Contraction,Pupil_Contraction,C,case_716.mp4,240.5,5.35,360,270,10.0,h264
case_717,Pupil Contraction,Pupil_Contraction,C,case_717.mp4,426.5,14.17,360,270,10.0,h264
case_726,Pupil Contraction,Pupil_Contraction,C,case_726.mp4,652.5,14.25,360,270,10.0,h264
case_730,Pupil Contraction,Pupil_Contraction,C,case_730.mp4,1015.7,22.34,360,270,10.0,h264
case_7380,Lens Irregularity,Lens_irregularity,B,case_7380.mp4,260.8,14.83,512,384,10.0,h264
case_742,Pupil Contraction,Pupil_Contraction,C,case_742.mp4,631.4,8.74,360,270,10.0,h264
case_769,Pupil Contraction,Pupil_Contraction,C,case_769.mp4,430.7,7.84,360,270,10.0,h264
case_7764,Lens Irregularity,Lens_irregularity,B,case_7764.mp4,363.9,31.74,512,384,10.0,h264
case_7868,Lens Irregularity,Lens_irregularity,B,case_7868.mp4,449.1,30.15,512,384,10.0,h264
case_800,Pupil Contraction,Pupil_Contraction,C,case_800.mp4,346.6,7.61,360,270,10.0,h264
case_8039,Lens Irregularity,Lens_irregularity,B,case_8039.mp4,342.7,23.35,512,384,10.0,h264
case_8041,Lens Irregularity,Lens_irregularity,B,case_8041.mp4,547.2,49.36,512,384,10.0,h264
case_8124,Pupil Contraction,Pupil_Contraction,C,case_8124.mp4,327.7,18.12,512,384,10.0,h264
case_8147,Pupil Contraction,Pupil_Contraction,C,case_8147.mp4,363.9,16.34,512,384,10.0,h264
case_8182,Pupil Contraction,Pupil_Contraction,C,case_8182.mp4,357.0,15.08,512,384,10.0,h264
case_8185,Pupil Contraction,Pupil_Contraction,C,case_8185.mp4,419.4,18.94,512,384,10.0,h264
case_8197,Pupil Contraction,Pupil_Contraction,C,case_8197.mp4,304.4,18.19,512,384,10.0,h264
case_8200,Pupil Contraction,Pupil_Contraction,C,case_8200.mp4,384.7,18.94,512,384,10.0,h264
case_8255,Pupil Contraction,Pupil_Contraction,C,case_8255.mp4,355.8,17.97,512,384,10.0,h264
case_8441,Pupil Contraction,Pupil_Contraction,C,case_8441.mp4,430.0,19.31,512,384,10.0,h264
case_848,Pupil Contraction,Pupil_Contraction,C,case_848.mp4,837.2,15.23,360,270,10.0,h264
case_854,Pupil Contraction,Pupil_Contraction,C,case_854.mp4,1074.6,19.98,360,270,10.0,h264
